eps,mean_fit,std_fit,mean_f1,std_f1,num_evals
0.1,0.7402118267549516,0.07447193280380088,0.48701001103877717,0.0491896742270426,100
0.2,0.8367190261893159,0.11955073514299541,0.6164940014952016,0.08816098703351617,100
0.5,0.9483132207794689,0.0011412478110476576,0.8084225718067435,0.0031822368907240208,100
