eps,mean_fit,std_fit,mean_f1,std_f1,mean_prec,std_prec,mean_rec,std_rec,num_evals
0.1,0.9165777264756154,0.02464901321417491,0.7220248591461165,0.07856866445686103,1.0,0.0,0.5709403129760421,0.09716669934767765,100
0.2,0.9602515039179561,0.013506650337925571,0.8194376491445445,0.059695433742119795,1.0,0.0,0.6984295803905276,0.08554872167527626,100
0.5,0.9870987702279739,0.0050131680258674195,0.9106820697835635,0.033837553647316096,1.0,0.0,0.8377676222129898,0.056558523180035646,100
0.8,0.993430209327621,0.0025315659923756486,0.9437296302069594,0.021986038719702138,1.0,0.0,0.8942708766098879,0.039220648654576716,100
1.0,0.9956462962551887,0.0017031930164672527,0.9592757643710729,0.01626216772412047,1.0,0.0,0.9222046807921341,0.0298266230863297,100
