eps,mean_fit,std_fit,mean_f1,std_f1,mean_prec,std_prec,mean_rec,std_rec,mean_tp,std_tp,mean_fp,std_fp,mean_fn,std_fn,mean_tn,std_tn,mean_acc,std_acc,mean_specificity,std_specificity,mean_npv,std_npv,mean_jaccard,std_jaccard,mean_mcc,std_mcc,mean_fnr,std_fnr,mean_p4,std_p4,num_evals
0.1,0.9137358259068451183,0.09293374251551826603,0.7773617713149325181,0.088891859503141542714,0.99,0.09949874371066199547,0.6419108826049700067,0.086193703633307166325,4494.66,603.52831284041679166,0.0,0.0,2437.32,469.2456473959028637,0.0,0.0,0.6419108826049700067,0.086193703633307166325,nan,nan,0.0,0.0,0.6419108826049700067,0.086193703633307166325,nan,nan,0.3480891173950299905,0.067015945072251194715,nan,nan,100
0.2,0.94937399816619062574,0.01537998129972613138,0.80300337707340057713,0.05878827025317662761,1.0,0.0,0.67488146243930306035,0.082198740847592506974,4725.52,575.5555834148427406,0.0,0.0,2276.48,575.5555834148427406,0.0,0.0,0.67488146243930306035,0.082198740847592506974,nan,nan,0.0,0.0,0.67488146243930306035,0.082198740847592506974,nan,nan,0.32511853756069694437,0.0821987408475925081,nan,nan,100
0.5,0.9815753609899932097,0.0068216868734096050657,0.8917625173117041526,0.03958560759672536525,1.0,0.0,0.8069494430162810583,0.06391796430525573604,5650.26,447.55358606540066466,0.0,0.0,1351.74,447.55358606540066466,0.0,0.0,0.8069494430162810583,0.06391796430525573604,nan,nan,0.0,0.0,0.8069494430162810583,0.06391796430525573604,nan,nan,0.19305055698371893655,0.06391796430525573505,nan,nan,100
0.8,0.9903883322229331709,0.0033598032116119630457,0.9304579038426023385,0.024569029450524238883,1.0,0.0,0.87094401599542987545,0.042883165694457613006,6098.35,300.26792619259220507,0.0,0.0,903.65,300.2679261925922051,0.0,0.0,0.87094401599542987545,0.042883165694457613006,nan,nan,0.0,0.0,0.87094401599542987545,0.042883165694457613006,nan,nan,0.12905598400457012218,0.04288316569445761235,nan,nan,100
1.0,0.99344221851355897225,0.0025749208698614922593,0.9484695503617168544,0.020644966548944656538,1.0,0.0,0.9027177949157383574,0.037093145402360081567,6320.83,259.72620410732529703,0.0,0.0,681.17,259.72620410732529703,0.0,0.0,0.9027177949157383574,0.037093145402360081567,nan,nan,0.0,0.0,0.9027177949157383574,0.037093145402360081567,nan,nan,0.09728220508426163822,0.03709314540236008169,nan,nan,100
