eps,mean_fit,std_fit,mean_f1,std_f1,mean_prec,std_prec,mean_rec,std_rec,num_evals
0.1,0.8712471974960597,0.0022664917511894195,0.5871702719957556,0.004450383497304129,1.0,0.0,0.4156127960116327,0.004458442828532378,100
0.2,0.9328457901396257,0.0011677474252863537,0.7073091009127705,0.0033648338014414182,1.0,0.0,0.5471707519734109,0.004027093527723039,100
0.5,0.9775596017669649,0.00046090101961385036,0.8491542818504947,0.0022457018354084222,1.0,0.0,0.7378590222960811,0.003390743442614827,100
0.8,0.988739650158716,0.00030796071379730487,0.9046564670786533,0.0017942720545454976,1.0,0.0,0.8259160781055256,0.0029916485634135298,100
1.0,0.9920367266753981,0.00023496059623896853,0.9251820514286302,0.0017569023745053025,1.0,0.0,0.8607852098047363,0.003040548231332895,100
