eps,mean_fit,std_fit,mean_f1,std_f1,num_evals
0.1,0.8981918935383149,0.2993973028217215,0.8219381922974998,0.2739808531315382,10
0.2,0.9992644694606259,2.076110149521749e-05,0.942995478093972,0.0007819934169789892,10
0.5,0.9998133928263748,5.0825335313803184e-06,0.9690257529921821,0.0004732976285143092,10
0.8,0.9999099383295424,3.39373731312982e-06,0.9784145495270516,0.0005097909576285577,10
1.0,0.9999352281250626,2.0484352796612425e-06,0.981880475533073,0.00024426610474977253,10
