eps,mean_fit,std_fit,mean_f1,std_f1,mean_prec,std_prec,mean_rec,std_rec,mean_tp,std_tp,mean_fp,std_fp,mean_fn,std_fn,mean_tn,std_tn,mean_acc,std_acc,mean_jaccard,std_jaccard,mean_fnr,std_fnr,num_evals,max_grams
0.1,0.5153826811073196157,0.074638839873458438914,0.6558503332279489917,0.09383447790812280518,0.98,0.14000000000000000001,0.49285963003264417648,0.07064878475313858837,4529.38,649.26233188134362917,0.0,0.0,4476.82,641.7795942533542411,0.0,0.0,0.49285963003264417648,0.07064878475313858837,0.49285963003264417648,0.07064878475313858837,0.4871403699673558202,0.069834558678275760435,100
0.2,0.5464798055305113988,0.055813842391493342144,0.66773930867466954386,0.06726430047880108261,0.99,0.09949874371066199547,0.5037758433079434162,0.05089554294446474584,4629.7,467.7300396596310127,0.0,0.0,4468.4,451.60593441627845818,0.0,0.0,0.5037758433079434162,0.05089554294446474584,0.5037758433079434162,0.05089554294446474584,0.48622415669205658494,0.049141015714502552682,100
0.5,0.61509455280006390844,0.0118667607945081741974,0.6874987592830936023,0.0044857251527195391645,1.0,0.0,0.52382589771490750685,0.005212446580444156854,4813.96,47.902384074281730886,0.0,0.0,4376.04,47.902384074281730886,0.0,0.0,0.52382589771490750685,0.005212446580444156854,0.52382589771490750685,0.005212446580444156854,0.4761741022850924915,0.0052124465804441515705,100
0.8,0.6626525759979305297,0.009288845306331621644,0.69904715603017258176,0.003850487990852321999,1.0,0.0,0.5373482045701849874,0.0045498239375731240296,4938.23,41.812881986296998135,0.0,0.0,4251.77,41.812881986296998135,0.0,0.0,0.5373482045701849874,0.0045498239375731240296,0.5373482045701849874,0.0045498239375731240296,0.4626517954298150165,0.00454982393757312121,100
1.0,0.6894552800063910125,0.00862569051153950052,0.70742886718115584045,0.004720570143588916948,1.0,0.0,0.547324265505984765,0.0056516469976230715033,5029.91,51.938635908156078565,0.0,0.0,4160.09,51.938635908156078565,0.0,0.0,0.547324265505984765,0.0056516469976230715033,0.547324265505984765,0.0056516469976230715033,0.45267573449401523223,0.0056516469976230796204,100
