eps,mean_fit,std_fit,mean_f1,std_f1,mean_prec,std_prec,mean_rec,std_rec,mean_tp,std_tp,mean_fp,std_fp,mean_fn,std_fn,mean_tn,std_tn,mean_acc,std_acc,mean_jaccard,std_jaccard,mean_fnr,std_fnr,num_evals,max_grams
0.1,0.89312882769298899353,0.09038392410216224715,0.6870983316517066486,0.06942938657942607515,0.99,0.09949874371066199547,0.5261711079943898983,0.053553046057613926683,2250.96,229.09993103447237832,0.0,0.0,1984.26,202.67548544409607508,0.0,0.0,0.5261711079943898983,0.053553046057613926683,0.5261711079943898983,0.053553046057613926683,0.46382889200561009725,0.04737622380647407105,100
0.2,0.9344929525548427307,0.004413677586627667146,0.7137029500309049279,0.0064725592526908994315,1.0,0.0,0.55489013557737259966,0.007816925527470908567,2373.82,33.440807406520554883,0.0,0.0,1904.18,33.440807406520554883,0.0,0.0,0.55489013557737259966,0.007816925527470908567,0.55489013557737259966,0.007816925527470908567,0.4451098644226273937,0.00781692552747090905,100
0.5,0.96372736046538392987,0.0021828877932469373944,0.74858200193802549417,0.0053685148255456589693,1.0,0.0,0.5982164562879850422,0.0068620307963372617165,2559.17,29.355767746730794709,0.0,0.0,1718.83,29.35576774673079471,0.0,0.0,0.5982164562879850422,0.0068620307963372617165,0.5982164562879850422,0.0068620307963372617165,0.40178354371201496165,0.006862030796337257749,100
0.8,0.9739662477351144876,0.0012172574842934130967,0.769487820281147169,0.0050665229216585581875,1.0,0.0,0.62536699392239363806,0.00668764529943394276,2675.32,28.609746590978396851,0.0,0.0,1602.68,28.609746590978396851,0.0,0.0,0.62536699392239363806,0.00668764529943394276,0.62536699392239363806,0.00668764529943394276,0.37463300607760636197,0.006687645299433939384,100
1.0,0.97815719934526207944,0.0011131714397185725578,0.78143822964528327103,0.0047754460535328279023,1.0,0.0,0.64130434782608694897,0.006435458564751580267,2743.5,27.530891740007260433,0.0,0.0,1534.5,27.530891740007260433,0.0,0.0,0.64130434782608694897,0.006435458564751580267,0.64130434782608694897,0.006435458564751580267,0.35869565217391304545,0.0064354585647515811936,100
