eps,mean_fit,std_fit,mean_f1,std_f1,mean_prec,std_prec,mean_rec,std_rec,mean_tp,std_tp,mean_fp,std_fp,mean_fn,std_fn,mean_tn,std_tn,mean_acc,std_acc,mean_jaccard,std_jaccard,mean_fnr,std_fnr,num_evals,max_grams
0.1,0.53053612255534125076,0.0941754303455974329,0.610313357445811564,0.107731424013688865424,0.97,0.17058722109231980803,0.44528726877040261,0.078926402955404424976,4092.19,725.3336431601666717,0.0,0.0,4822.11,852.8469017942200392,0.0,0.0,0.44528726877040261,0.078926402955404424976,0.44528726877040261,0.078926402955404424976,0.5247127312295973855,0.092801621522766054504,100
0.2,0.57850366532379245534,0.10271064174255735776,0.6207936130449704371,0.109567530335880540206,0.97,0.17058722109231980802,0.45653210010881392633,0.080912253832007518166,4195.53,743.5836127161490909,0.0,0.0,4718.77,834.9693749473689529,0.0,0.0,0.45653210010881392633,0.080912253832007518166,0.45653210010881392633,0.080912253832007518166,0.5134678998911860681,0.090856297600366588455,100
0.5,0.69622260517596217146,0.010975364766261946561,0.67065123320234596213,0.008771124205079972441,1.0,0.0,0.50456147986942329276,0.0099132376700174575625,4636.92,91.10265418746042221,0.0,0.0,4553.08,91.10265418746042221,0.0,0.0,0.50456147986942329276,0.0099132376700174575625,0.50456147986942329276,0.0099132376700174575625,0.49543852013057671556,0.009913237670017456349,100
0.8,0.74621712716219866236,0.075407804471638945147,0.6862455010413681322,0.06938281294467684052,0.99,0.09949874371066199547,0.52517627856365614814,0.053517589710623907476,4826.37,491.8266494406337067,0.0,0.0,4271.73,436.94626340089006414,0.0,0.0,0.52517627856365614814,0.053517589710623907476,0.52517627856365614814,0.053517589710623907476,0.46482372143634385187,0.04754583932545049682,100
1.0,0.77942773777052447916,0.007321798015181393933,0.70584766527504702485,0.007788614445457152496,1.0,0.0,0.5454689880304679006,0.00928289344535829531,5012.86,85.30979076284269026,0.0,0.0,4177.14,85.30979076284269026,0.0,0.0,0.5454689880304679006,0.00928289344535829531,0.5454689880304679006,0.00928289344535829531,0.45453101196953209827,0.009282893445358290165,100
