eps,mean_fit,std_fit,mean_f1,std_f1,mean_prec,std_prec,mean_rec,std_rec,mean_tp,std_tp,mean_fp,std_fp,mean_fn,std_fn,mean_tn,std_tn,mean_acc,std_acc,mean_jaccard,std_jaccard,mean_fnr,std_fnr,num_evals,max_grams
0.1,0.51983193149439455016,0.010146573256603649267,0.66688359152851811595,0.0057518831846028776855,1.0,0.0,0.50027203482045701775,0.0064791818764745900296,4597.5,59.543681444801513043,0.0,0.0,4592.5,59.543681444801513043,0.0,0.0,0.50027203482045701775,0.0064791818764745900296,0.50027203482045701775,0.0064791818764745900296,0.49972796517954297114,0.006479181876474601123,10
0.2,0.5577553838604019321,0.011112025346268387574,0.673917838198138508,0.0052977173339607852796,1.0,0.0,0.5082263329706202315,0.006047196387748901195,4670.6,55.573734803412304043,0.0,0.0,4519.4,55.573734803412304043,0.0,0.0,0.5082263329706202315,0.006047196387748901195,0.5082263329706202315,0.006047196387748901195,0.4917736670293797463,0.006047196387748889967,10
0.5,0.555991387345027388,0.18552077522443425082,0.6196115119858187859,0.20661827503122487307,0.9,0.29999999999999999998,0.47245919477693144596,0.15762990440681202464,4341.9,1448.6188214986025093,0.0,0.0,3929.1,1311.1572331341500859,0.0,0.0,0.47245919477693144596,0.15762990440681202464,0.47245919477693144596,0.15762990440681202464,0.42754080522306855405,0.14267216900262786647,10
