eps,mean_fit,std_fit,mean_f1,std_f1,mean_prec,std_prec,mean_rec,std_rec,mean_tp,std_tp,mean_fp,std_fp,mean_fn,std_fn,mean_tn,std_tn,mean_acc,std_acc,mean_specificity,std_specificity,mean_npv,std_npv,mean_jaccard,std_jaccard,mean_mcc,std_mcc,mean_fnr,std_fnr,mean_p4,std_p4,num_evals
0.1,0.91175056234622057106,0.03021502762301076078,0.73357955713804697597,0.088300890390314107006,1.0,0.0,0.5868908883176235386,0.109689724034271171984,4109.41,768.04744768796673615,0.0,0.0,2892.59,768.0474476879667361,0.0,0.0,0.5868908883176235386,0.109689724034271171984,nan,nan,0.0,0.0,0.5868908883176235386,0.109689724034271171984,nan,nan,0.41310911168237646473,0.10968972403427116962,nan,nan,100
0.2,0.9539490887022830257,0.0147551942257170470685,0.8086503957768564033,0.05864326243957341846,1.0,0.0,0.6828320479862896286,0.08264225753388859239,4781.19,578.66108725228794324,0.0,0.0,2220.81,578.66108725228794324,0.0,0.0,0.6828320479862896286,0.08264225753388859239,nan,nan,0.0,0.0,0.6828320479862896286,0.08264225753388859239,nan,nan,0.31716795201371036556,0.08264225753388859485,nan,nan,100
0.5,0.9843899945249576211,0.0054722119583983497632,0.9029358974236476154,0.033965460365226542038,1.0,0.0,0.82479005998286203827,0.05630284268701692051,5775.18,394.23250449449243757,0.0,0.0,1226.82,394.2325044944924376,0.0,0.0,0.82479005998286203827,0.05630284268701692051,nan,nan,0.0,0.0,0.82479005998286203827,0.05630284268701692051,nan,nan,0.1752099400171379595,0.056302842687016912955,nan,nan,100
0.8,0.9924078312895373888,0.0031110871207647771415,0.9426959846204992499,0.023633512508917500355,1.0,0.0,0.89253927449300199837,0.041870298267864119433,6249.56,293.1758284715846079,0.0,0.0,752.44,293.1758284715846079,0.0,0.0,0.89253927449300199837,0.041870298267864119433,nan,nan,0.0,0.0,0.89253927449300199837,0.041870298267864119433,nan,nan,0.10746072550699800059,0.041870298267864125735,nan,nan,100
1.0,0.9946103814719288694,0.002124566386036928403,0.9558245249322473924,0.017995726431598738589,1.0,0.0,0.9159525849757212257,0.032827611396950613,6413.5,229.85893500144822518,0.0,0.0,588.5,229.85893500144822518,0.0,0.0,0.9159525849757212257,0.032827611396950613,nan,nan,0.0,0.0,0.9159525849757212257,0.032827611396950613,nan,nan,0.08404741502427877778,0.032827611396950618006,nan,nan,100
