eps,mean_fit,std_fit,mean_f1,std_f1,mean_prec,std_prec,mean_rec,std_rec,mean_tp,std_tp,mean_fp,std_fp,mean_fn,std_fn,mean_tn,std_tn,mean_acc,std_acc,mean_specificity,std_specificity,mean_npv,std_npv,mean_jaccard,std_jaccard,mean_mcc,std_mcc,mean_fnr,std_fnr,mean_p4,std_p4,num_evals
0.1,0.999491539357766402,0.00018162172859932091192,0.96442574456281976447,0.01009239055023001781,1.0,0.0,0.9314786309308221635,0.018781725656318732732,10287.25,207.42537814838376233,0.0,0.0,756.75,207.42537814838376233,0.0,0.0,0.9314786309308221635,0.018781725656318732732,nan,nan,0.0,0.0,0.9314786309308221635,0.018781725656318732732,nan,nan,0.06852136906917783411,0.01878172565631870386,nan,nan,100
0.2,0.9998138304613498584,6.0050220672899777917e-05,0.977247938568755079,0.0062149129383033205396,1.0,0.0,0.9555804056501267962,0.011889537686383090176,10553.43,131.30805420841480126,0.0,0.0,490.57,131.30805420841480126,0.0,0.0,0.9555804056501267962,0.011889537686383090176,nan,nan,0.0,0.0,0.9555804056501267962,0.011889537686383090176,nan,nan,0.04441959434987323433,0.011889537686383085798,nan,nan,100
0.5,0.99995124309692532625,1.793268446448350315e-05,0.98851892280477909213,0.0038458306066260954709,1.0,0.0,0.97732705541470483724,0.007514662017227801473,10793.6,82.99192731826391318,0.0,0.0,250.4,82.991927318263913185,0.0,0.0,0.97732705541470483724,0.007514662017227801473,nan,nan,0.0,0.0,0.97732705541470483724,0.007514662017227801473,nan,nan,0.022672944585295182474,0.007514662017227807715,nan,nan,100
0.8,0.9999770056521363959,8.296849157411778837e-06,0.9928487755293097006,0.0024968215057827757632,1.0,0.0,0.9858113002535313418,0.004919314175124053964,10887.3,54.328905750070100228,0.0,0.0,156.7,54.328905750070100228,0.0,0.0,0.9858113002535313418,0.004919314175124053964,nan,nan,0.0,0.0,0.9858113002535313418,0.004919314175124053964,nan,nan,0.0141886997464686707805,0.0049193141751240583295,nan,nan,100
1.0,0.9999841853339501385,6.3054937431065806417e-06,0.9945472610546270986,0.0021126899506656840657,1.0,0.0,0.9891624411445128673,0.004176984590281544496,10924.31,46.130617815069418382,0.0,0.0,119.69,46.130617815069418382,0.0,0.0,0.9891624411445128673,0.004176984590281544496,nan,nan,0.0,0.0,0.9891624411445128673,0.004176984590281544496,nan,nan,0.010837558855487142281,0.0041769845902815481514,nan,nan,100
