eps,mean_fit,std_fit,mean_f1,std_f1,mean_prec,std_prec,mean_rec,std_rec,mean_tp,std_tp,mean_fp,std_fp,mean_fn,std_fn,mean_tn,std_tn,mean_acc,std_acc,mean_specificity,std_specificity,mean_npv,std_npv,mean_jaccard,std_jaccard,mean_mcc,std_mcc,mean_fnr,std_fnr,mean_p4,std_p4,num_evals,max_grams
0.1,0.52527753367647003036,0.010848599664765529919,0.66898298137371421836,0.0046803798621403676553,1.0,0.0,0.50262894450489662644,0.005276941965109150651,4619.16,48.495096659353097945,0.0,0.0,4570.84,48.495096659353097945,0.0,0.0,0.50262894450489662644,0.005276941965109150651,nan,nan,0.0,0.0,0.50262894450489662644,0.005276941965109150651,nan,nan,0.49737105549510337744,0.0052769419651091580124,nan,nan,100,100
0.2,0.5519583138369301789,0.0102897421048013528715,0.6745343383970312745,0.0041407381809203046317,1.0,0.0,0.50891838955386289986,0.004712131094254678943,4676.96,43.304484756200482935,0.0,0.0,4513.04,43.304484756200482935,0.0,0.0,0.50891838955386289986,0.004712131094254678943,nan,nan,0.0,0.0,0.50891838955386289986,0.004712131094254678943,nan,nan,0.49108161044613710567,0.0047121310942546766817,nan,nan,100,100
0.5,0.61710798915048941103,0.00950377963211142477,0.68813541141374938713,0.0046693419652653609985,1.0,0.0,0.5245669205658324219,0.00543038969354164821,4820.77,49.905281283647725775,0.0,0.0,4369.23,49.905281283647725775,0.0,0.0,0.5245669205658324219,0.00543038969354164821,nan,nan,0.0,0.0,0.5245669205658324219,0.00543038969354164821,nan,nan,0.47543307943416757255,0.0054303896935416473457,nan,nan,100,100
0.8,0.6619940730934419837,0.0094874848142362829004,0.699571273939633197,0.0045044388048376288007,1.0,0.0,0.53797279651795429476,0.005329138220297053295,4943.97,48.974780244529939083,0.0,0.0,4246.03,48.974780244529939083,0.0,0.0,0.53797279651795429476,0.005329138220297053295,nan,nan,0.0,0.0,0.53797279651795429476,0.005329138220297053295,nan,nan,0.46202720348204570134,0.0053291382202970571058,nan,nan,100,100
1.0,0.687498449798188449,0.0080185820567774725066,0.70646716774323521816,0.004748122922067171566,1.0,0.0,0.54617410228509248983,0.0056792994505215963147,5019.34,52.192761950293452545,0.0,0.0,4170.66,52.192761950293452545,0.0,0.0,0.54617410228509248983,0.0056792994505215963147,nan,nan,0.0,0.0,0.54617410228509248983,0.0056792994505215963147,nan,nan,0.45382589771490751073,0.005679299450521591681,nan,nan,100,100
