eps,max_query_length,subset_id,subset_max_length,mean_error,std_error,num_evals
inf,20,0,4.0,0.37378908934707905044,0.031061430064536431357,100
inf,20,1,8.0,0.18415277777777793427,0.023042048393423410123,100
inf,20,2,12.0,0.12217840778923259759,0.021449582140894163281,100
inf,20,3,16.0,0.09257416953035514061,0.019007140258671971809,100
inf,20,4,20.0,0.07640449599083621923,0.013419631748112851234,100
