eps,max_query_length,subset_id,subset_max_length,mean_error,std_error,num_evals
inf,20,0,4.0,1.018013731935324554,0.025366613823317028237,100
inf,20,1,8.0,0.50923099311998985204,0.02261282814763853681,100
inf,20,2,12.0,0.3418826087230362909,0.020174881150942894654,100
inf,20,3,16.0,0.2506737971084012362,0.017129574260819770727,100
inf,20,4,20.0,0.2026100706155917075,0.017585065904655795653,100
