eps,max_query_length,subset_id,subset_max_length,mean_error,std_error,num_evals
inf,20,0,4.0,0.44464027384324801174,0.018217568170402330153,100
inf,20,1,8.0,0.2174724834749762753,0.01566285626254286112,100
inf,20,2,12.0,0.14731037771482527521,0.011929268194713124121,100
inf,20,3,16.0,0.111219844192634580994,0.0113820661960856054735,100
inf,20,4,20.0,0.08737519830028331977,0.009835792149031033165,100
