eps,max_query_length,subset_id,subset_max_length,mean_error,std_error,num_evals
inf,20,0,4.0,0.4061358967606001996,0.036675929663516910516,100
inf,20,1,8.0,0.20218791150908612563,0.026003698488089009834,100
inf,20,2,12.0,0.13050500395048720809,0.020543352560861025799,100
inf,20,3,16.0,0.09842138530418750024,0.019494825905238730095,100
inf,20,4,20.0,0.08098814853831971666,0.015568480956669215421,100
