eps,max_query_length,subset_id,subset_max_length,mean_error,std_error,num_evals
inf,20,0,4.0,0.08121711860258039165,0.0039839925837453379833,100
inf,20,1,8.0,0.040811411892651356868,0.0028840096552401765675,100
inf,20,2,12.0,0.027398265160088256139,0.0024259716895037681518,100
inf,20,3,16.0,0.020756647229104433823,0.0020847809431970241142,100
inf,20,4,20.0,0.016526935205757897398,0.0018874519168344294641,100
